Workbook

Sheet הוראות שימוש
A1: מטריצת כיסוי נושאים - קטלוג סרטוני פילאטיס (גרסה משודרגת)
A3: מטרת הקובץ
A4: קובץ זה משמש לתכנון, איסוף, דירוג וניהול קטלוג סרטוני פילאטיס. הוא כולל:
A5: 1. הוראות שימוש - הסבר על מבנה הקובץ ואופן המילוי
A6: 2. מטריצת תרגילים - הגדרת יעדים לפי אזור גוף, ציוד, רמה ומטרה
A7: 3. מטריצת שיעורים - הגדרת יעדים לפי מטרת שיעור ורמת קושי
A8: 4. מאגר מועמדים - רישום כל סרטון שנמצא עם פרטים מלאים וניקוד
A9: 5. סרטונים נבחרים - סינון אוטומטי של הסרטונים שנכנסו לקטלוג
A10: 6. עקרונות ליבה - רשימת בדיקה לאיכות סרטון
A11: 7. ערוצים מאושרים - רשימת ערוצים עם היפרלינקים וסטטוס
A12: 8. בדיקת קישורים - מעקב תחזוקה אחר קישורים תקינים
A13: 9. רשימת חיפוש מוכנה - ניסוחים מוכנים לחיפוש לפי המטריצה
... A52: תוצאה: 7 מתוך 8 יעדי "חובה" בתרגילים הושלמו/כמעט הושלמו (רק #4 - בטן וליבה+גומיית לולאה+מתחילים - נותר פתוח, לא נמצא סרטון מתאים). 2 יעדי שיעורים נוספים הושלמו.

Sheet מטריצת תרגילים
A1: מזהה | B1: אזור גוף | C1: שרירים עיקריים | D1: תרגיל/סוג | E1: ציוד | F1: רמה | G1: מטרה תפקודית | H1: עדיפות | I1: יעד | J1: נמצאו | K1: סטטוס | L1: הערות
A2: 1 | B2: בטן וליבה | C2: רחב בטני, ישר בטני, אלכסוניים | D2: תרגילי ליבה בסיסיים | E2: ללא ציוד | F2: מתחילים | G2: חיזוק | H2: חובה | I2: 2 | J2: 2 | K2: =IF(J2=0,"חסר",IF(J2<I2,"בתהליך","הושלם"))
A3: 2 | B3: בטן וליבה | C3: רחב בטני, ישר בטני, אלכסוניים | D3: תרגילי ליבה בסיסיים | E3: ללא ציוד | F3: בינוני | G3: חיזוק | H3: חובה | I3: 1 | J3: 2 | K3: =IF(J3=0,"חסר",IF(J3<I3,"בתהליך","הושלם"))
A4: 3 | B4: בטן וליבה | C4: רחב בטני, ישר בטני, אלכסוניים | D4: תרגילי ליבה בסיסיים | E4: ללא ציוד | F4: מתקדם | G4: חיזוק | H4: רצוי | I4: 1 | J4: 0 | K4: =IF(J4=0,"חסר",IF(J4<I4,"בתהליך","הושלם"))
A5: 4 | B5: בטן וליבה | C5: רחב בטני, ישר בטני, אלכסוניים | D5: תרגילי ליבה עם התנגדות | E5: גומיית לולאה | F5: מתחילים | G5: חיזוק | H5: חובה | I5: 2 | J5: 0 | K5: =IF(J5=0,"חסר",IF(J5<I5,"בתהליך","הושלם"))
A6: 5 | B6: בטן וליבה | C6: רחב בטני, ישר בטני, אלכסוניים | D6: תרגילי ליבה עם התנגדות | E6: גומיית לולאה | F6: בינוני | G6: חיזוק | H6: רצוי | I6: 1 | J6: 0 | K6: =IF(J6=0,"חסר",IF(J6<I6,"בתהליך","הושלם"))
A7: 6 | B7: בטן וליבה | C7: רחב בטני, ישר בטני, אלכסוניים | D7: תרגילי ליבה עם התנגדות | E7: גומיית רצועה ארוכה | F7: מתחילים | G7: חיזוק | H7: רצוי | I7: 2 | J7: 0 | K7: =IF(J7=0,"חסר",IF(J7<I7,"בתהליך","הושלם"))
A8: 7 | B8: בטן וליבה | C8: רחב בטני, ישר בטני, אלכסוניים | D8: תרגילי ליבה עם אביזר | E8: טבעת פילאטיס (Ring) | F8: מתחילים | G8: חיזוק | H8: רצוי | I8: 2 | J8: 1 | K8: =IF(J8=0,"חסר",IF(J8<I8,"בתהליך","הושלם"))
A9: 8 | B9: בטן וליבה | C9: רחב בטני, ישר בטני, אלכסוניים | D9: תרגילי ליבה עם אביזר | E9: כדור קטן | F9: מתחילים | G9: חיזוק | H9: אופציונלי | I9: 1 | J9: 0 | K9: =IF(J9=0,"חסר",IF(J9<I9,"בתהליך","הושלם"))
A10: 9 | B10: גב ויציבה | C10: זוקפי גב, מייצבי עמוד שדרה | D10: תרגילי יציבה ויישור | E10: ללא ציוד | F10: מתחילים | G10: יציבה ויישור | H10: חובה | I10: 2 | J10: 2 | K10: =IF(J10=0,"חסר",IF(J10<I10,"בתהליך","הושלם"))
A11: 10 | B11: גב ויציבה | C11: זוקפי גב, מייצבי עמוד שדרה | D11: תרגילי יציבה ויישור | E11: ללא ציוד | F11: בינוני | G11: יציבה ויישור | H11: חובה | I11: 1 | J11: 1 | K11: =IF(J11=0,"חסר",IF(J11<I11,"בתהליך","הושלם"))
A12: 11 | B12: גב ויציבה | C12: זוקפי גב, מייצבי עמוד שדרה | D12: תרגילי יציבה ויישור | E12: גומיית לולאה | F12: מתחילים | G12: חיזוק | H12: רצוי | I12: 2 | J12: 0 | K12: =IF(J12=0,"חסר",IF(J12<I12,"בתהליך","הושלם"))
A13: 12 | B13: גב ויציבה | C13: זוקפי גב, מייצבי עמוד שדרה | D13: תרגילי יציבה ויישור | E13: גומיית רצועה ארוכה | F13: מתחילים | G13: גמישות ומתיחה | H13: רצוי | I13: 2 | J13: 0 | K13: =IF(J13=0,"חסר",IF(J13<I13,"בתהליך","הושלם"))
A14: 13 | B14: גב ויציבה | C14: זוקפי גב, מייצבי עמוד שדרה | D14: תרגילי יציבה ויישור | E14: טבעת פילאטיס (Ring) | F14: מתחילים | G14: חיזוק | H14: אופציונלי | I14: 1 | J14: 0 | K14: =IF(J14=0,"חסר",IF(J14<I14,"בתהליך","הושלם"))
A15: 14 | B15: ישבן ורגליים | C15: ישבן גדול, מקרבי ירך, מרחיקי ירך; ארבע ראשי, ירך אחורית, שוק | D15: תרגילי ישבן וירכיים | E15: ללא ציוד | F15: מתחילים | G15: חיזוק | H15: חובה | I15: 4 | J15: 4 | K15: =IF(J15=0,"חסר",IF(J15<I15,"בתהליך","הושלם")) | L15: [מוזג ע"י Claude, 29.08.2026: מוזג עם שורה שהייתה 'רגליים' לפני איחוד הטקסונומיה - יעד ונמצאו סוכמו (2+2=4, 0+0=0).]
A16: 15 | B16: ישבן ורגליים | C16: ישבן גדול, מקרבי ירך, מרחיקי ירך | D16: תרגילי ישבן וירכיים | E16: ללא ציוד | F16: בינוני | G16: חיזוק | H16: חובה | I16: 1 | J16: 1 | K16: =IF(J16=0,"חסר",IF(J16<I16,"בתהליך","הושלם"))
A17: 16 | B17: ישבן ורגליים | C17: ישבן גדול, מקרבי ירך, מרחיקי ירך; ארבע ראשי, ירך אחורית, שוק | D17: תרגילי ישבן וירכיים | E17: גומיית לולאה | F17: מתחילים | G17: חיזוק | H17: חובה | I17: 4 | J17: 4 | K17: =IF(J17=0,"חסר",IF(J17<I17,"בתהליך","הושלם")) | L17: [מוזג ע"י Claude, 29.08.2026: מוזג עם שורה שהייתה 'רגליים' לפני איחוד הטקסונומיה - יעד ונמצאו סוכמו (2+2=4, 2+1=3).]
A18: 17 | B18: ישבן ורגליים | C18: ישבן גדול, מקרבי ירך, מרחיקי ירך | D18: תרגילי ישבן וירכיים | E18: גומיית לולאה | F18: בינוני | G18: חיזוק | H18: רצוי | I18: 1 | J18: 1 | K18: =IF(J18=0,"חסר",IF(J18<I18,"בתהליך","הושלם"))
A19: 18 | B19: ישבן ורגליים | C19: ישבן גדול, מקרבי ירך, מרחיקי ירך | D19: תרגילי ישבן וירכיים | E19: גומיית רצועה ארוכה | F19: מתחילים | G19: חיזוק | H19: רצוי | I19: 2 | J19: 0 | K19: =IF(J19=0,"חסר",IF(J19<I19,"בתהליך","הושלם"))
A20: 19 | B20: ישבן ורגליים | C20: ישבן גדול, מקרבי ירך, מרחיקי ירך; ארבע ראשי, ירך אחורית, שוק | D20: תרגילי ישבן וירכיים | E20: טבעת פילאטיס (Ring) | F20: מתחילים | G20: חיזוק | H20: רצוי | I20: 3 | J20: 4 | K20: =IF(J20=0,"חסר",IF(J20<I20,"בתהליך","הושלם")) | L20: [מוזג ע"י Claude, 29.08.2026: מוזג עם שורה שהייתה 'רגליים' לפני איחוד הטקסונומיה - יעד ונמצאו סוכמו (2+1=3, 2+2=4).]
A21: 20 | B21: ישבן ורגליים | C21: ישבן גדול, מקרבי ירך, מרחיקי ירך | D21: תרגילי ישבן וירכיים | E21: כדור קטן | F21: מתחילים | G21: חיזוק | H21: אופציונלי | I21: 1 | J21: 0 | K21: =IF(J21=0,"חסר",IF(J21<I21,"בתהליך","הושלם"))
A22: 21 | B22: ישבן ורגליים | C22: ארבע ראשי, ירך אחורית, שוק | D22: תרגילי רגליים | E22: גומיית רצועה ארוכה | F22: מתחילים | G22: גמישות ומתיחה | H22: רצוי | I22: 2 | J22: 0 | K22: =IF(J24=0,"חסר",IF(J24<I24,"בתהליך","הושלם"))
A23: 22 | B23: כתפיים וזרועות | C23: דלתא, טריצפס, ביצפס | D23: תרגילי כתפיים וזרועות | E23: ללא ציוד | F23: מתחילים | G23: חיזוק | H23: חובה | I23: 2 | J23: 2 | K23: =IF(J26=0,"חסר",IF(J26<I26,"בתהליך","הושלם"))
A24: 23 | B24: כתפיים וזרועות | C24: דלתא, טריצפס, ביצפס | D24: תרגילי כתפיים וזרועות | E24: ללא ציוד | F24: בינוני | G24: חיזוק | H24: רצוי | I24: 1 | J24: 1 | K24: =IF(J27=0,"חסר",IF(J27<I27,"בתהליך","הושלם"))
A25: 24 | B25: כתפיים וזרועות | C25: דלתא, טריצפס, ביצפס | D25: תרגילי כתפיים וזרועות | E25: גומיית לולאה | F25: מתחילים | G25: חיזוק | H25: רצוי | I25: 2 | J25: 0 | K25: =IF(J28=0,"חסר",IF(J28<I28,"בתהליך","הושלם"))
A26: 25 | B26: כתפיים וזרועות | C26: דלתא, טריצפס, ביצפס | D26: תרגילי כתפיים וזרועות | E26: גומיית רצועה ארוכה | F26: מתחילים | G26: חיזוק | H26: רצוי | I26: 2 | J26: 0 | K26: =IF(J29=0,"חסר",IF(J29<I29,"בתהליך","הושלם"))
A27: 26 | B27: כתפיים וזרועות | C27: דלתא, טריצפס, ביצפס | D27: תרגילי כתפיים וזרועות | E27: טבעת פילאטיס (Ring) | F27: מתחילים | G27: חיזוק | H27: אופציונלי | I27: 1 | J27: 0 | K27: =IF(J30=0,"חסר",IF(J30<I30,"בתהליך","הושלם"))
A28: 27 | B28: גוף מלא | C28: שרירים מרובים | D28: תרגילי שילוב | E28: ללא ציוד | F28: מתחילים | G28: חיזוק | H28: חובה | I28: 2 | J28: 2 | K28: =IF(J31=0,"חסר",IF(J31<I31,"בתהליך","הושלם"))
A29: 28 | B29: גוף מלא | C29: שרירים מרובים | D29: תרגילי שילוב | E29: גומיית לולאה | F29: מתחילים | G29: חיזוק | H29: רצוי | I29: 2 | J29: 0 | K29: =IF(J32=0,"חסר",IF(J32<I32,"בתהליך","הושלם"))
A30: 29 | B30: גוף מלא | C30: שרירים מרובים | D30: תרגילי שילוב | E30: גומיית רצועה ארוכה | F30: מתחילים | G30: חיזוק | H30: רצוי | I30: 2 | J30: 0 | K30: =IF(J33=0,"חסר",IF(J33<I33,"בתהליך","הושלם"))
A31: 30 | B31: גוף מלא | C31: שרירים מרובים | D31: תרגילי שילוב | E31: טבעת פילאטיס (Ring) | F31: מתחילים | G31: חיזוק | H31: אופציונלי | I31: 1 | J31: 0 | K31: =IF(J34=0,"חסר",IF(J34<I34,"בתהליך","הושלם"))
B32: סה"כ | I32: =SUM(I2:I31) | J32: =SUM(J2:J31)

Sheet מטריצת שיעורים
A1: מזהה | B1: מטרת השיעור | C1: רמת קושי | D1: ציוד עיקרי | E1: יעד | F1: נמצאו | G1: סטטוס | H1: הערות
A2: 1 | B2: פילאטיס בסיסי למתחילים | C2: מתחילים | D2: ללא ציוד | E2: 2 | F2: 4 | G2: =IF(F2=0,"חסר",IF(F2<E2,"בתהליך","הושלם"))
A3: 2 | B3: פילאטיס בסיסי למתחילים | C3: מתחילים | D3: גומיית לולאה | E3: 1 | F3: 1 | G3: =IF(F3=0,"חסר",IF(F3<E3,"בתהליך","הושלם"))
A4: 3 | B4: חיזוק ליבה וגוף מלא | C4: בינוני | D4: ללא ציוד | E4: 1 | F4: 1 | G4: =IF(F4=0,"חסר",IF(F4<E4,"בתהליך","הושלם"))
A5: 4 | B5: חיזוק ליבה וגוף מלא | C5: בינוני | D5: גומיית לולאה | E5: 1 | F5: 1 | G5: =IF(F5=0,"חסר",IF(F5<E5,"בתהליך","הושלם"))
A6: 5 | B6: חיזוק מתקדם | C6: מתקדם | D6: גומיית לולאה | E6: 1 | F6: 0 | G6: =IF(F6=0,"חסר",IF(F6<E6,"בתהליך","הושלם"))
A7: 6 | B7: גמישות ומתיחות | C7: מתחילים | D7: ללא ציוד | E7: 1 | F7: 2 | G7: =IF(F7=0,"חסר",IF(F7<E7,"בתהליך","הושלם"))
A8: 7 | B8: גמישות ומתיחות | C8: מתחילים | D8: גומיית רצועה ארוכה | E8: 1 | F8: 0 | G8: =IF(F8=0,"חסר",IF(F8<E8,"בתהליך","הושלם"))
A9: 8 | B9: גמישות ומתיחות | C9: בינוני | D9: ללא ציוד | E9: 1 | F9: 1 | G9: =IF(F9=0,"חסר",IF(F9<E9,"בתהליך","הושלם"))
A10: 9 | B10: גמישות ומתיחות | C10: מתקדם | D10: ללא ציוד | E10: 1 | F10: 1 | G10: =IF(F10=0,"חסר",IF(F10<E10,"בתהליך","הושלם"))
A11: 10 | B11: יציבה ויישור גוף | C11: מתחילים | D11: ללא ציוד | E11: 2 | F11: 1 | G11: =IF(F11=0,"חסר",IF(F11<E11,"בתהליך","הושלם"))
A12: 11 | B12: יציבה ויישור גוף | C12: בינוני | D12: ללא ציוד | E12: 1 | F12: 0 | G12: =IF(F12=0,"חסר",IF(F12<E12,"בתהליך","הושלם"))
A13: 12 | B13: יציבה ויישור גוף | C13: מתקדם | D13: ללא ציוד | E13: 1 | F13: 0 | G13: =IF(F13=0,"חסר",IF(F13<E13,"בתהליך","הושלם"))
A14: 13 | B14: תנועה עדינה והתאמות | C14: מתחילים | D14: ללא ציוד | E14: 2 | F14: 2 | G14: =IF(F14=0,"חסר",IF(F14<E14,"בתהליך","הושלם")) | H14: כולל מבוגרים/חזרה לפעילות
A15: 14 | B15: תנועה עדינה והתאמות | C15: בינוני | D15: ללא ציוד | E15: 1 | F15: 2 | G15: =IF(F15=0,"חסר",IF(F15<E15,"בתהליך","הושלם"))
A16: 15 | B16: פילאטיס דינמי | C16: מתחילים | D16: גומיית לולאה | E16: 1 | F16: 0 | G16: =IF(F16=0,"חסר",IF(F16<E16,"בתהליך","הושלם"))
A17: 16 | B17: פילאטיס דינמי | C17: בינוני | D17: גומיית לולאה | E17: 1 | F17: 0 | G17: =IF(F17=0,"חסר",IF(F17<E17,"בתהליך","הושלם"))
A18: 17 | B18: פילאטיס דינמי | C18: מתקדם | D18: גומיית לולאה | E18: 1 | F18: 0 | G18: =IF(F18=0,"חסר",IF(F18<E18,"בתהליך","הושלם"))
A19: 18 | B19: פילאטיס בסיסי למתחילים | C19: מתחילים | D19: גומיית רצועה ארוכה | E19: 1 | F19: 1 | G19: =IF(F19=0,"חסר",IF(F19<E19,"בתהליך","הושלם"))
A20: 19 | B20: חיזוק ליבה וגוף מלא | C20: בינוני | D20: גומיית רצועה ארוכה | E20: 1 | F20: 3 | G20: =IF(F20=0,"חסר",IF(F20<E20,"בתהליך","הושלם"))
A21: 20 | B21: חיזוק מתקדם | C21: מתקדם | D21: גומיית רצועה ארוכה | E21: 1 | F21: 1 | G21: =IF(F21=0,"חסר",IF(F21<E21,"בתהליך","הושלם"))
A22: 21 | B22: פילאטיס דינמי | C22: מתחילים | D22: גומיית רצועה ארוכה | E22: 1 | F22: 1 | G22: =IF(F22=0,"חסר",IF(F22<E22,"בתהליך","הושלם"))
B23: סה"כ | E23: =SUM(E2:E22) | F23: =SUM(F2:F22)

Sheet מאגר מועמדים
A1: מזהה | B1: שם הסרטון | C1: מדריך | D1: ערוץ | E1: קישור URL | F1: תאריך פרסום | G1: משך (דקות) | H1: שפה | I1: סוג תוכן | J1: ציוד | K1: רמה | L1: מטרה | M1: אזור גוף | N1: ניקוד אמינות | O1: ניקוד בהירות | P1: ניקוד בטיחות | Q1: ניקוד התאמה | R1: ניקוד איכות | S1: ניקוד נגישות | T1: ניקוד כולל | U1: החלטה | V1: הערות
A2: 1 | B2: POP Pilates for Beginners - Total Body Workout | C2: Cassey Ho | D2: Blogilates (Cassey Ho) | E2: https://www.youtube.com/watch?v=lCg_gh_fppI | F2: 2011 (לא אומת במדויק) | H2: אנגלית | I2: שיעור | J2: ללא ציוד | K2: מתחילים | L2: פילאטיס בסיסי / חיזוק כללי | M2: גוף מלא | N2: 5 | O2: 4 | P2: 3 | Q2: 5 | R2: 4 | S2: 5 | T2: =IF(COUNT(N2:S2)=0,"",ROUND(AVERAGE(N2:S2),1)) | U2: לכלול בקטלוג | V2: וידאו ראשון בסדרת המתחילים; מלמד נשימה, שליטה וטכניקת roll-up. וידאו ותיק (2011), איכות הפקה בסיסית יחסית לסרטונים חדשים. דורג על סמך מידע משני (עמוד הערוץ, תיאור הסרטון, כתבות סקירה) - לא נצפה במלואו; מומלץ צפייה מהירה לפני פרסום סופי.
A3: 2 | B3: POP Pilates for Beginners: Ab Time! | C3: Cassey Ho | D3: Blogilates (Cassey Ho) | E3: https://www.youtube.com/watch?v=tUVvec3z-mo | F3: 2011 (לא אומת במדויק) | H3: אנגלית | I3: תרגיל | J3: ללא ציוד | K3: מתחילים | L3: חיזוק | M3: בטן וליבה | N3: 5 | O3: 4 | P3: 3 | Q3: 5 | R3: 4 | S3: 5 | T3: =IF(COUNT(N3:S3)=0,"",ROUND(AVERAGE(N3:S3),1)) | U3: לכלול בקטלוג | V3: וידאו #2 בסדרת המתחילים; 6 תרגילי בטן. וידאו ותיק (2011). דורג על סמך מידע משני (עמוד הערוץ, תיאור הסרטון, כתבות סקירה) - לא נצפה במלואו; מומלץ צפייה מהירה לפני פרסום סופי.
A4: 3 | B4: 15 min Full Body Workout with Bands | C4: Cassey Ho | D4: Blogilates (Cassey Ho) | E4: https://www.youtube.com/watch?v=cPjK7QqIY6Q | F4: 24/01/2021 | G4: 15 | H4: אנגלית | I4: תרגיל | J4: גומיית לולאה | K4: בינוני | L4: חיזוק | M4: גוף מלא | N4: 5 | O4: 4 | P4: 4 | Q4: 5 | R4: 5 | S4: 5 | T4: =IF(COUNT(N4:S4)=0,"",ROUND(AVERAGE(N4:S4),1)) | U4: לכלול בקטלוג | V4: לפי עמוד הערוץ: Sweat Time 15 דק', Body Focus: Total body. רמה לא צוינה במפורש - הוערכה כבינוני. דורג על סמך מידע משני (עמוד הערוץ, תיאור הסרטון, כתבות סקירה) - לא נצפה במלואו; מומלץ צפייה מהירה לפני פרסום סופי.
A5: 4 | B5: 10 Minute Booty Burn Workout with Bands | C5: Cassey Ho | D5: Blogilates (Cassey Ho) | E5: https://www.youtube.com/watch?v=hyAfBY3NTWY | F5: 2021 (לא אומת במדויק) | G5: 15 | H5: אנגלית | I5: תרגיל | J5: גומיית לולאה | K5: מתחילים-בינוני | L5: חיזוק | M5: ישבן ורגליים | N5: 5 | O5: 4 | P5: 3 | Q5: 5 | R5: 4 | S5: 5 | T5: =IF(COUNT(N5:S5)=0,"",ROUND(AVERAGE(N5:S5),1)) | U5: לכלול בקטלוג | V5: ממוקד ירך פנימית/חיצונית וישבן עם גומיית לולאה. דורג על סמך מידע משני (עמוד הערוץ, תיאור הסרטון, כתבות סקירה) - לא נצפה במלואו; מומלץ צפייה מהירה לפני פרסום סופי. [תוקן ע"י Claude, 29.08.2026: הכותרת שנרשמה במקור ("15 Minute Booty Band Burnout...") לא תאמה לכותרת האמיתית של הסרטון ב-YouTube - תוקנה. משך הזמן (15 דק') כן היה מדויק (אומת: 909 שניות בפועל).]
A6: 5 | B6: 15 Minute Weightless Arms Workout - sculpt sleek & toned shoulders, triceps, biceps and back | C6: Cassey Ho | D6: Blogilates (Cassey Ho) | E6: https://www.youtube.com/watch?v=lws5oLzhHTA | F6: 29/08/2021 | G6: 15 | H6: אנגלית | I6: תרגיל | J6: ללא ציוד | K6: בינוני | L6: חיזוק | M6: כתפיים וזרועות | N6: 5 | O6: 5 | P6: 4 | Q6: 5 | R6: 5 | S6: 5 | T6: =IF(COUNT(N6:S6)=0,"",ROUND(AVERAGE(N6:S6),1)) | U6: לכלול בקטלוג | V6: תיאור הסרטון כולל פירוט מלא של כל תרגיל עם חותמות זמן (עדות לבהירות ההדגמה). ללא משקולות/גומיות. דורג על סמך מידע משני (עמוד הערוץ, תיאור הסרטון, כתבות סקירה) - לא נצפה במלואו; מומלץ צפייה מהירה לפני פרסום סופי.
A7: 6 | B7: 15 Minute Deep Stretch for Splits | C7: Cassey Ho | D7: Blogilates (Cassey Ho) | E7: https://www.youtube.com/watch?v=GFuhJQloXu8 | F7: 20/06/2021 | G7: 15 | H7: אנגלית | I7: שיעור | J7: ללא ציוד (בלוקי יוגה אופציונליים) | K7: מתחילים-מתקדם | L7: גמישות ומתיחה | M7: ישבן ורגליים | N7: 5 | O7: 4 | P7: 3 | Q7: 5 | R7: 5 | S7: 5 | T7: =IF(COUNT(N7:S7)=0,"",ROUND(AVERAGE(N7:S7),1)) | U7: לכלול בקטלוג | V7: מתיחות עומק לקראת ספליט - מתאים כתרגול הדרגתי לכל הרמות, אך אין אזהרת זהירות מפורשת בסרטון עצמו למתחילים לגמרי. דורג על סמך מידע משני (עמוד הערוץ, תיאור הסרטון, כתבות סקירה) - לא נצפה במלואו; מומלץ צפייה מהירה לפני פרסום סופי.
A8: 7 | B8: אימון פילאטיס מזרן למתחילים - 30 דקות (שיעור מלא) | C8: Yael Israel | D8: יעל ישראל (Yael Israel) | E8: https://www.youtube.com/watch?v=6bgk7trQBuk | F8: 27/01/2022 | G8: 30 | H8: עברית | I8: שיעור | J8: ללא ציוד | K8: מתחילים | L8: פילאטיס בסיסי / חיזוק כללי | M8: גוף מלא | N8: 5 | O8: 4 | P8: 4 | Q8: 5 | R8: 4 | S8: 5 | T8: =IF(COUNT(N8:S8)=0,"",ROUND(AVERAGE(N8:S8),1)) | U8: לכלול בקטלוג | V8: שיעור מלא בעברית למתחילים - התאמה מצוינת לקהל דובר עברית. דורג על סמך מידע משני (תיאורי סרטונים, כתבת TheMarker, עמודי הפייסבוק) - לא נצפה במלואו; מומלץ צפייה מהירה לפני פרסום סופי.
A9: 8 | B9: אימון פילאטיס מזרן עם התאמת תרגילים לכל רמות הקושי - 20 דקות | C9: Yael Israel | D9: יעל ישראל (Yael Israel) | E9: https://www.youtube.com/watch?v=dWYpp5WAARY | F9: 27/02/2024 | G9: 20 | H9: עברית | I9: שיעור | J9: ללא ציוד | K9: מתחילים-מתקדם | L9: תנועה עדינה והתאמות | M9: גוף מלא | N9: 5 | O9: 4 | P9: 5 | Q9: 5 | R9: 4 | S9: 5 | T9: =IF(COUNT(N9:S9)=0,"",ROUND(AVERAGE(N9:S9),1)) | U9: לכלול בקטלוג | V9: כותרת הסרטון מציינת במפורש 'התאמת תרגילים לכל רמות הקושי' - עדות ישירה לקריטריון ההתאמות. דורג על סמך מידע משני (תיאורי סרטונים, כתבת TheMarker, עמודי הפייסבוק) - לא נצפה במלואו; מומלץ צפייה מהירה לפני פרסום סופי.
A10: 9 | B10: אימון פילאטיס מלא עם גומייה - 40 דקות | C10: Yael Israel | D10: יעל ישראל (Yael Israel) | E10: https://www.youtube.com/watch?v=_aXCj84uPiw | F10: 04/05/2023 | G10: 40 | H10: עברית | I10: שיעור | J10: גומיית רצועה ארוכה | K10: בינוני | L10: חיזוק | M10: גוף מלא | N10: 5 | O10: 4 | P10: 3 | Q10: 5 | R10: 4 | S10: 5 | T10: =IF(COUNT(N10:S10)=0,"",ROUND(AVERAGE(N10:S10),1)) | U10: לכלול בקטלוג | V10: תוכן עם גומייה בעברית - התאמה ישירה לציר הציוד המרכזי של הפרויקט. דורג על סמך מידע משני (תיאורי סרטונים, כתבת TheMarker, עמודי הפייסבוק) - לא נצפה במלואו; מומלץ צפייה מהירה לפני פרסום סופי. [תוקן ע"י Claude, 29.08.2026: תווית הציוד אוחדה מ-"גומיית התנגדות" ל"גומיית רצועה ארוכה" - עקביות עם 5 מועמדי השיעור הדומים (#16-20) שמשתמשים באותו סוג גומייה.]
A11: 10 | B11: אימון פילאטיס מזרן – 20 דקות עם יעל ישראל | C11: Yael Israel | D11: יעל ישראל (Yael Israel) | E11: https://www.youtube.com/watch?v=TJa6bVbosik | F11: 01/07/2025 | G11: 20 | H11: עברית | I11: תרגיל | J11: ללא ציוד | K11: בינוני | L11: חיזוק | M11: בטן וליבה | N11: 5 | O11: 4 | P11: 4 | Q11: 5 | R11: 5 | S11: 5 | T11: =IF(COUNT(N11:S11)=0,"",ROUND(AVERAGE(N11:S11),1)) | U11: לכלול בקטלוג | V11: ממוקד הפעלת מרכז הגוף (Core); תיאור הסרטון מזכיר במפורש את אזור המיקוד. דורג על סמך מידע משני (תיאורי סרטונים, כתבת TheMarker, עמודי הפייסבוק) - לא נצפה במלואו; מומלץ צפייה מהירה לפני פרסום סופי.
A12: 11 | B12: 3 Magic Circle exercises for the inner thighs | C12: MyBOD Wellness | D12: MyBOD Wellness | E12: https://www.youtube.com/watch?v=2dWCf8bmPhI | F12: לא אומת | G12: 6 | H12: אנגלית | I12: תרגיל | J12: טבעת פילאטיס (Ring) | K12: מתחילים | L12: חיזוק | M12: ישבן ורגליים | N12: 3 | O12: 4 | P12: 4 | Q12: 4 | R12: 4 | S12: 5 | T12: 4 | U12: לכלול בקטלוג | V12: כבר משולב באתר (YR1/pilates). [עודכן ע"י Claude, 29.08.2026: קיום/כותרת/ערוץ אומתו מול YouTube בפועל (oembed + lengthSeconds); לא נצפה תוכן במלואו - ציוני איכות/בטיחות/בהירות ראשוניים בלבד עד לצפייה בפועל.]
A13: 12 | B13: RESISTANCE BAND WORKOUT - ABS & CORE - HOME WORKOUT - 10 MINUTES | C13: LiveFitness | D13: LiveFitness | E13: https://www.youtube.com/watch?v=ezJ48LIS_tM | F13: לא אומת | G13: 10 | H13: אנגלית | I13: תרגיל | J13: גומיית רצועה ארוכה | K13: בינוני | L13: חיזוק | M13: בטן וליבה | N13: 3 | O13: 4 | P13: 4 | Q13: 4 | R13: 4 | S13: 5 | T13: 4 | U13: לכלול בקטלוג | V13: כבר משולב באתר (YR1/pilates). [עודכן ע"י Claude, 29.08.2026: קיום/כותרת/ערוץ אומתו מול YouTube בפועל (oembed + lengthSeconds); לא נצפה תוכן במלואו - ציוני איכות/בטיחות/בהירות ראשוניים בלבד עד לצפייה בפועל.]
A14: 13 | B14: 10 MIN PILATES RING WORKOUT: inner thigh & abs | C14: Posture Tonic by Jacinta Brown | D14: Posture Tonic by Jacinta Brown | E14: https://www.youtube.com/watch?v=M9lkkpMgIfE | F14: לא אומת | G14: 10 | H14: אנגלית | I14: תרגיל | J14: טבעת פילאטיס (Ring) | K14: מתחילים | L14: חיזוק | M14: ישבן ורגליים / בטן וליבה | N14: 3 | O14: 4 | P14: 4 | Q14: 4 | R14: 4 | S14: 5 | T14: 4 | U14: לכלול בקטלוג | V14: כבר משולב באתר (YR1/pilates). [עודכן ע"י Claude, 29.08.2026: קיום/כותרת/ערוץ אומתו מול YouTube בפועל (oembed + lengthSeconds); לא נצפה תוכן במלואו - ציוני איכות/בטיחות/בהירות ראשוניים בלבד עד לצפייה בפועל.]
A15: 14 | B15: Inner Thigh Burn | 10 Minute Pilates Ring Workout | Lottie Murphy | C15: Lottie Murphy | D15: Lottie Murphy | E15: https://www.youtube.com/watch?v=JjgadyBrkrQ | F15: לא אומת | G15: 10 | H15: אנגלית | I15: תרגיל | J15: טבעת פילאטיס (Ring) | K15: בינוני | L15: חיזוק | M15: ישבן ורגליים | N15: 4 | O15: 4 | P15: 4 | Q15: 5 | R15: 4 | S15: 5 | T15: 4.3 | U15: לכלול בקטלוג | V15: ערוץ כבר מאושר ברשימת 'ערוצים מאושרים'. כבר משולב באתר (YR1/pilates). [עודכן ע"י Claude, 29.08.2026: קיום/כותרת/ערוץ אומתו מול YouTube בפועל (oembed + lengthSeconds); לא נצפה תוכן במלואו - ציוני איכות/בטיחות/בהירות ראשוניים בלבד עד לצפייה בפועל.]
A16: 15 | B16: Resistance Band Pilates Workout | Arms, Butt, Abs | 15 Minute Routine | Lottie Murphy | C16: Lottie Murphy | D16: Lottie Murphy | E16: https://www.youtube.com/watch?v=9XcqB-p14Ak | F16: לא אומת | G16: 15 | H16: אנגלית | I16: תרגיל | J16: גומיית רצועה ארוכה | K16: בינוני | L16: חיזוק | M16: כתפיים וזרועות / ישבן ורגליים / בטן וליבה | N16: 4 | O16: 4 | P16: 4 | Q16: 5 | R16: 4 | S16: 5 | T16: 4.3 | U16: לכלול בקטלוג | V16: ערוץ כבר מאושר ברשימת 'ערוצים מאושרים'. כבר משולב באתר (YR1/pilates). [עודכן ע"י Claude, 29.08.2026: קיום/כותרת/ערוץ אומתו מול YouTube בפועל (oembed + lengthSeconds); לא נצפה תוכן במלואו - ציוני איכות/בטיחות/בהירות ראשוניים בלבד עד לצפייה בפועל.]
A17: 16 | B17: Full Body Resistance Band Workout | 30 Mins | Beginner Friendly Pilates | C17: The Girl With The Pilates Mat | D17: The Girl With The Pilates Mat | E17: https://www.youtube.com/watch?v=NUCrEf4JTTc | F17: לא אומת | G17: 30 | H17: אנגלית | I17: שיעור | J17: גומיית רצועה ארוכה | K17: מתחילים | L17: חיזוק | M17: גוף מלא | N17: 3 | O17: 4 | P17: 4 | Q17: 5 | R17: 4 | S17: 5 | T17: 4.2 | U17: לכלול בקטלוג | V17: כבר משולב באתר (YR1/pilates). [עודכן ע"י Claude, 29.08.2026: קיום/כותרת/ערוץ אומתו מול YouTube בפועל (oembed + lengthSeconds); לא נצפה תוכן במלואו - ציוני איכות/בטיחות/בהירות ראשוניים בלבד עד לצפייה בפועל.]
A18: 17 | B18: Pilates Resistance Band Workout | 40 Minute at Home Pilates Workout | C18: Trifecta Pilates | D18: Trifecta Pilates | E18: https://www.youtube.com/watch?v=zKVTTrSg910 | F18: לא אומת | G18: 40 | H18: אנגלית | I18: שיעור | J18: גומיית רצועה ארוכה | K18: מתקדם | L18: חיזוק, גמישות ומתיחה | M18: גוף מלא | N18: 3 | O18: 4 | P18: 3 | Q18: 4 | R18: 4 | S18: 5 | T18: 3.8 | U18: לכלול בקטלוג | V18: ערוץ כבר קיים ברשימת 'ערוצים מאושרים' בסטטוס 'לבדוק ידנית' - הכשרה לא מאומתת. כבר משולב באתר (YR1/pilates). [עודכן ע"י Claude, 29.08.2026: קיום/כותרת/ערוץ אומתו מול YouTube בפועל (oembed + lengthSeconds); לא נצפה תוכן במלואו - ציוני איכות/בטיחות/בהירות ראשוניים בלבד עד לצפייה בפועל.]
A19: 18 | B19: Pilates Full Body Workout with the Resistance Band | 30 Minutes | C19: The Girl With The Pilates Mat | D19: The Girl With The Pilates Mat | E19: https://www.youtube.com/watch?v=8_g8ki259V8 | F19: לא אומת | G19: 30 | H19: אנגלית | I19: שיעור | J19: גומיית רצועה ארוכה | K19: בינוני | L19: חיזוק | M19: גוף מלא | N19: 3 | O19: 4 | P19: 4 | Q19: 5 | R19: 4 | S19: 5 | T19: 4.2 | U19: לכלול בקטלוג | V19: כבר משולב באתר (YR1/pilates). [עודכן ע"י Claude, 29.08.2026: קיום/כותרת/ערוץ אומתו מול YouTube בפועל (oembed + lengthSeconds); לא נצפה תוכן במלואו - ציוני איכות/בטיחות/בהירות ראשוניים בלבד עד לצפייה בפועל.]
A20: 19 | B20: 30-Min Full Body Pilates Workout | Pilates Ball, Ankle Weights & Resistance Band | C20: Keel Pilates | D20: Keel Pilates | E20: https://www.youtube.com/watch?v=oDAFJJHPXp8 | F20: לא אומת | G20: 30 | H20: אנגלית | I20: שיעור | J20: כדור קטן, גומיית רצועה ארוכה | K20: בינוני | L20: חיזוק | M20: גוף מלא | N20: 3 | O20: 4 | P20: 4 | Q20: 4 | R20: 4 | S20: 5 | T20: 4 | U20: לכלול בקטלוג | V20: כבר משולב באתר (YR1/pilates). [עודכן ע"י Claude, 29.08.2026: קיום/כותרת/ערוץ אומתו מול YouTube בפועל (oembed + lengthSeconds); לא נצפה תוכן במלואו - ציוני איכות/בטיחות/בהירות ראשוניים בלבד עד לצפייה בפועל.]
A21: 20 | B21: Pilates Flow for Beginners with Resistance Band | 20 min Resistance Band Pilates | C21: The Girl With The Pilates Mat | D21: The Girl With The Pilates Mat | E21: https://www.youtube.com/watch?v=wuVQDwUL9fs | F21: לא אומת | G21: 20 | H21: אנגלית | I21: שיעור | J21: גומיית רצועה ארוכה | K21: מתחילים | L21: חיזוק, גמישות ומתיחה | M21: גוף מלא | N21: 3 | O21: 4 | P21: 4 | Q21: 5 | R21: 4 | S21: 5 | T21: 4.2 | U21: לכלול בקטלוג | V21: כבר משולב באתר (YR1/pilates). [עודכן ע"י Claude, 29.08.2026: קיום/כותרת/ערוץ אומתו מול YouTube בפועל (oembed + lengthSeconds); לא נצפה תוכן במלואו - ציוני איכות/בטיחות/בהירות ראשוניים בלבד עד לצפייה בפועל.]
A22: 21 | B22: 10 Minute Pilates Back Workout - Upper and Lower Back Workout! | C22: Jessica Valant | D22: Jessica Valant Pilates | E22: https://www.youtube.com/watch?v=ChYOlljDZ8s | F22: לא אומת | G22: 12 | H22: אנגלית | I22: תרגיל | J22: ללא ציוד | K22: מתחילים | L22: יציבה ויישור | M22: גב ויציבה | N22: 5 | O22: 4 | P22: 5 | Q22: 5 | R22: 4 | S22: 5 | T22: 4.7 | U22: לכלול בקטלוג | V22: ערוץ מאושר (פיזיותרפיסטית מוסמכת). [נמצא ונוסף ע"י Claude, 29.08.2026: קיום/כותרת/ערוץ/משך זמן אומתו מול YouTube בפועל (oembed + lengthSeconds); לא נצפה תוכן במלואו.]
A23: 22 | B23: Back Pain Relief Exercises - 10 Minute Pilates for Back Pain! | C23: Jessica Valant | D23: Jessica Valant Pilates | E23: https://www.youtube.com/watch?v=i-VOH-3fTMk | F23: לא אומת | G23: 11 | H23: אנגלית | I23: תרגיל | J23: ללא ציוד | K23: מתחילים | L23: יציבה ויישור | M23: גב ויציבה | N23: 5 | O23: 4 | P23: 5 | Q23: 5 | R23: 4 | S23: 5 | T23: 4.7 | U23: לכלול בקטלוג | V23: ערוץ מאושר (פיזיותרפיסטית מוסמכת). [נמצא ונוסף ע"י Claude, 29.08.2026: קיום/כותרת/ערוץ/משך זמן אומתו מול YouTube בפועל (oembed + lengthSeconds); לא נצפה תוכן במלואו.]
... A34: 33 | B34: 15 Minute Full Body Pilates Workout - Intermediate Pilates at Home | C34: Jessica Valant | D34: Jessica Valant Pilates | E34: https://www.youtube.com/watch?v=jV9oV-ndPo8 | F34: לא אומת | G34: 14 | H34: אנגלית | I34: שיעור | J34: ללא ציוד | K34: בינוני | L34: חיזוק | M34: גוף מלא | N34: 5 | O34: 4 | P34: 5 | Q34: 5 | R34: 4 | S34: 5 | T34: 4.7 | U34: לכלול בקטלוג | V34: ערוץ מאושר (פיזיותרפיסטית מוסמכת). [נמצא ונוסף ע"י Claude, 29.08.2026: קיום/כותרת/ערוץ/משך זמן אומתו מול YouTube בפועל (oembed + lengthSeconds); לא נצפה תוכן במלואו.]
A35: 34 | T35: =IF(COUNT(N37:S37)=0,"",ROUND(AVERAGE(N37:S37),1))
A36: 35 | T36: =IF(COUNT(N38:S38)=0,"",ROUND(AVERAGE(N38:S38),1))
A37: 36 | T37: =IF(COUNT(N39:S39)=0,"",ROUND(AVERAGE(N39:S39),1))
A38: 37 | T38: =IF(COUNT(N40:S40)=0,"",ROUND(AVERAGE(N40:S40),1))
A39: 38 | T39: =IF(COUNT(N41:S41)=0,"",ROUND(AVERAGE(N41:S41),1))

Sheet סרטונים נבחרים
A1: מזהה | B1: שם הסרטון | C1: מדריך | D1: ערוץ | E1: קישור URL | F1: תאריך פרסום | G1: משך (דקות) | H1: שפה | I1: סוג תוכן | J1: ציוד | K1: רמה | L1: מטרה | M1: אזור גוף | N1: ניקוד כולל | O1: הערות
A2: 1 | B2: POP Pilates for Beginners - Total Body Workout | C2: Cassey Ho | D2: Blogilates (Cassey Ho) | E2: https://www.youtube.com/watch?v=lCg_gh_fppI | F2: 2011 (לא אומת במדויק) | H2: אנגלית | I2: שיעור | J2: ללא ציוד | K2: מתחילים | L2: פילאטיס בסיסי / חיזוק כללי | M2: גוף מלא | N2: ='מאגר מועמדים'!T2 | O2: אושר לקטלוג; דורג על סמך מידע משני (עמוד הערוץ, תיאור הסרטון, כתבות סקירה) - לא נצפה במלואו; מומלץ צפייה מהירה לפני פרסום סופי.
A3: 2 | B3: POP Pilates for Beginners: Ab Time! | C3: Cassey Ho | D3: Blogilates (Cassey Ho) | E3: https://www.youtube.com/watch?v=tUVvec3z-mo | F3: 2011 (לא אומת במדויק) | H3: אנגלית | I3: תרגיל | J3: ללא ציוד | K3: מתחילים | L3: חיזוק | M3: בטן וליבה | N3: ='מאגר מועמדים'!T3 | O3: אושר לקטלוג; דורג על סמך מידע משני (עמוד הערוץ, תיאור הסרטון, כתבות סקירה) - לא נצפה במלואו; מומלץ צפייה מהירה לפני פרסום סופי.
A4: 3 | B4: 15 min Full Body Workout with Bands | C4: Cassey Ho | D4: Blogilates (Cassey Ho) | E4: https://www.youtube.com/watch?v=cPjK7QqIY6Q | F4: 24/01/2021 | G4: 15 | H4: אנגלית | I4: תרגיל | J4: גומיית לולאה | K4: בינוני | L4: חיזוק | M4: גוף מלא | N4: ='מאגר מועמדים'!T4 | O4: אושר לקטלוג; דורג על סמך מידע משני (עמוד הערוץ, תיאור הסרטון, כתבות סקירה) - לא נצפה במלואו; מומלץ צפייה מהירה לפני פרסום סופי.
A5: 4 | B5: 10 Minute Booty Burn Workout with Bands | C5: Cassey Ho | D5: Blogilates (Cassey Ho) | E5: https://www.youtube.com/watch?v=hyAfBY3NTWY | F5: 2021 (לא אומת במדויק) | G5: 15 | H5: אנגלית | I5: תרגיל | J5: גומיית לולאה | K5: מתחילים-בינוני | L5: חיזוק | M5: ישבן ורגליים | N5: ='מאגר מועמדים'!T5 | O5: אושר לקטלוג; דורג על סמך מידע משני (עמוד הערוץ, תיאור הסרטון, כתבות סקירה) - לא נצפה במלואו; מומלץ צפייה מהירה לפני פרסום סופי.
A6: 5 | B6: 15 Minute Weightless Arms Workout - sculpt sleek & toned shoulders, triceps, biceps and back | C6: Cassey Ho | D6: Blogilates (Cassey Ho) | E6: https://www.youtube.com/watch?v=lws5oLzhHTA | F6: 29/08/2021 | G6: 15 | H6: אנגלית | I6: תרגיל | J6: ללא ציוד | K6: בינוני | L6: חיזוק | M6: כתפיים וזרועות | N6: ='מאגר מועמדים'!T6 | O6: אושר לקטלוג; דורג על סמך מידע משני (עמוד הערוץ, תיאור הסרטון, כתבות סקירה) - לא נצפה במלואו; מומלץ צפייה מהירה לפני פרסום סופי.
A7: 6 | B7: 15 Minute Deep Stretch for Splits | C7: Cassey Ho | D7: Blogilates (Cassey Ho) | E7: https://www.youtube.com/watch?v=GFuhJQloXu8 | F7: 20/06/2021 | G7: 15 | H7: אנגלית | I7: שיעור | J7: ללא ציוד (בלוקי יוגה אופציונליים) | K7: מתחילים-מתקדם | L7: גמישות ומתיחה | M7: ישבן ורגליים | N7: ='מאגר מועמדים'!T7 | O7: אושר לקטלוג; דורג על סמך מידע משני (עמוד הערוץ, תיאור הסרטון, כתבות סקירה) - לא נצפה במלואו; מומלץ צפייה מהירה לפני פרסום סופי.
A8: 7 | B8: אימון פילאטיס מזרן למתחילים - 30 דקות (שיעור מלא) | C8: Yael Israel | D8: יעל ישראל (Yael Israel) | E8: https://www.youtube.com/watch?v=6bgk7trQBuk | F8: 27/01/2022 | G8: 30 | H8: עברית | I8: שיעור | J8: ללא ציוד | K8: מתחילים | L8: פילאטיס בסיסי / חיזוק כללי | M8: גוף מלא | N8: ='מאגר מועמדים'!T8 | O8: אושר לקטלוג; דורג על סמך מידע משני (תיאורי סרטונים, כתבת TheMarker, עמודי הפייסבוק) - לא נצפה במלואו; מומלץ צפייה מהירה לפני פרסום סופי.
A9: 8 | B9: אימון פילאטיס מזרן עם התאמת תרגילים לכל רמות הקושי - 20 דקות | C9: Yael Israel | D9: יעל ישראל (Yael Israel) | E9: https://www.youtube.com/watch?v=dWYpp5WAARY | F9: 27/02/2024 | G9: 20 | H9: עברית | I9: שיעור | J9: ללא ציוד | K9: מתחילים-מתקדם | L9: תנועה עדינה והתאמות | M9: גוף מלא | N9: ='מאגר מועמדים'!T9 | O9: אושר לקטלוג; דורג על סמך מידע משני (תיאורי סרטונים, כתבת TheMarker, עמודי הפייסבוק) - לא נצפה במלואו; מומלץ צפייה מהירה לפני פרסום סופי.
A10: 9 | B10: אימון פילאטיס מלא עם גומייה - 40 דקות | C10: Yael Israel | D10: יעל ישראל (Yael Israel) | E10: https://www.youtube.com/watch?v=_aXCj84uPiw | F10: 04/05/2023 | G10: 40 | H10: עברית | I10: שיעור | J10: גומיית רצועה ארוכה | K10: בינוני | L10: חיזוק | M10: גוף מלא | N10: ='מאגר מועמדים'!T10 | O10: אושר לקטלוג; דורג על סמך מידע משני (תיאורי סרטונים, כתבת TheMarker, עמודי הפייסבוק) - לא נצפה במלואו; מומלץ צפייה מהירה לפני פרסום סופי.
A11: 10 | B11: אימון פילאטיס מזרן – 20 דקות עם יעל ישראל | C11: Yael Israel | D11: יעל ישראל (Yael Israel) | E11: https://www.youtube.com/watch?v=TJa6bVbosik | F11: 01/07/2025 | G11: 20 | H11: עברית | I11: תרגיל | J11: ללא ציוד | K11: בינוני | L11: חיזוק | M11: בטן וליבה | N11: ='מאגר מועמדים'!T11 | O11: אושר לקטלוג; דורג על סמך מידע משני (תיאורי סרטונים, כתבת TheMarker, עמודי הפייסבוק) - לא נצפה במלואו; מומלץ צפייה מהירה לפני פרסום סופי.
A12: 11 | B12: 3 Magic Circle exercises for the inner thighs | C12: MyBOD Wellness | D12: MyBOD Wellness | E12: https://www.youtube.com/watch?v=2dWCf8bmPhI | F12: לא אומת | G12: 6 | H12: אנגלית | I12: תרגיל | J12: טבעת פילאטיס (Ring) | K12: מתחילים | L12: חיזוק | M12: ישבן ורגליים | N12: ='מאגר מועמדים'!T12 | O12: אושר לקטלוג; כבר משולב באתר (YR1/pilates). [עודכן ע"י Claude, 29.08.2026: קיום/כותרת/ערוץ אומתו מול YouTube בפועל (oembed + lengthSeconds); לא נצפה תוכן במלואו - ציוני איכות/בטיחות/בהירות ראשוניים בלבד עד לצפייה בפועל.]
A13: 12 | B13: RESISTANCE BAND WORKOUT - ABS & CORE - HOME WORKOUT - 10 MINUTES | C13: LiveFitness | D13: LiveFitness | E13: https://www.youtube.com/watch?v=ezJ48LIS_tM | F13: לא אומת | G13: 10 | H13: אנגלית | I13: תרגיל | J13: גומיית רצועה ארוכה | K13: בינוני | L13: חיזוק | M13: בטן וליבה | N13: ='מאגר מועמדים'!T13 | O13: אושר לקטלוג; כבר משולב באתר (YR1/pilates). [עודכן ע"י Claude, 29.08.2026: קיום/כותרת/ערוץ אומתו מול YouTube בפועל (oembed + lengthSeconds); לא נצפה תוכן במלואו - ציוני איכות/בטיחות/בהירות ראשוניים בלבד עד לצפייה בפועל.]
A14: 13 | B14: 10 MIN PILATES RING WORKOUT: inner thigh & abs | C14: Posture Tonic by Jacinta Brown | D14: Posture Tonic by Jacinta Brown | E14: https://www.youtube.com/watch?v=M9lkkpMgIfE | F14: לא אומת | G14: 10 | H14: אנגלית | I14: תרגיל | J14: טבעת פילאטיס (Ring) | K14: מתחילים | L14: חיזוק | M14: ישבן ורגליים / בטן וליבה | N14: ='מאגר מועמדים'!T14 | O14: אושר לקטלוג; כבר משולב באתר (YR1/pilates). [עודכן ע"י Claude, 29.08.2026: קיום/כותרת/ערוץ אומתו מול YouTube בפועל (oembed + lengthSeconds); לא נצפה תוכן במלואו - ציוני איכות/בטיחות/בהירות ראשוניים בלבד עד לצפייה בפועל.]
A15: 14 | B15: Inner Thigh Burn | 10 Minute Pilates Ring Workout | Lottie Murphy | C15: Lottie Murphy | D15: Lottie Murphy | E15: https://www.youtube.com/watch?v=JjgadyBrkrQ | F15: לא אומת | G15: 10 | H15: אנגלית | I15: תרגיל | J15: טבעת פילאטיס (Ring) | K15: בינוני | L15: חיזוק | M15: ישבן ורגליים | N15: ='מאגר מועמדים'!T15 | O15: אושר לקטלוג; כבר משולב באתר (YR1/pilates). [עודכן ע"י Claude, 29.08.2026: קיום/כותרת/ערוץ אומתו מול YouTube בפועל (oembed + lengthSeconds); לא נצפה תוכן במלואו - ציוני איכות/בטיחות/בהירות ראשוניים בלבד עד לצפייה בפועל.]
... A34: 33 | B34: 15 Minute Full Body Pilates Workout - Intermediate Pilates at Home | C34: Jessica Valant | D34: Jessica Valant Pilates | E34: https://www.youtube.com/watch?v=jV9oV-ndPo8 | F34: לא אומת | G34: 14 | H34: אנגלית | I34: שיעור | J34: ללא ציוד | K34: בינוני | L34: חיזוק | M34: גוף מלא | N34: ='מאגר מועמדים'!T34 | O34: אושר לקטלוג. [נמצא ונוסף ע"י Claude, 29.08.2026: קיום/כותרת/ערוץ/משך זמן אומתו מול YouTube בפועל (oembed + lengthSeconds); לא נצפה תוכן במלואו.]
A42: =COUNTA(B2:B41) | B42: סה"כ פריטים בקטלוג

Sheet עקרונות ליבה
A1: קטגוריה | B1: קריטריון | C1: עומד בדרישה? | D1: הערות
A2: מקור ואמינות | B2: המדריך מציג הכשרה או ניסיון רלוונטי
A3: מקור ואמינות | B3: הערוץ עקבי ולא סרטון בודד אקראי
A4: מקור ואמינות | B4: אין הבטחות רפואיות מוגזמות; יש אזהרה כשרלוונטי
A5: איכות הדגמה | B5: זווית צילום מאפשרת לראות את כל התנוחה
A6: איכות הדגמה | B6: הנחיה מילולית ברורה על נשימה ויישור גוף
A7: איכות הדגמה | B7: מוזכרים במפורש אזורי השרירים המעורבים
A8: איכות הדגמה | B8: קיימות הצעות התאמה (modifications) לרמות שונות
A9: התאמה לקטלוג | B9: שימוש בציוד רלוונטי (גומייה/רינג/מזרן בלבד)
A10: התאמה לקטלוג | B10: משך זמן ברור ומתאים (לא כולל פתיח ארוך)
A11: התאמה לקטלוג | B11: זמין בחינם וללא הרשמה
A12: עקרונות פילאטיס | B12: נשימה (Breathing) - מודגשת ומוסברת
A13: עקרונות פילאטיס | B13: ריכוז (Concentration) - תשומת לב לתנועה
... A17: עקרונות פילאטיס | B17: זרימה (Flow) - מעברים חלקים בין תנועות
A18: תנאי פסילה | B18: קישור שבור או לא זמין | D18: למחוק אם מתקיים
A19: תנאי פסילה | B19: תוכן שאינו חופשי או דורש הרשמה | D19: למחוק אם מתקיים
A20: תנאי פסילה | B20: הבטחות רפואיות חריגות | D20: למחוק אם מתקיים
A21: תנאי פסילה | B21: הדגמה שאינה מאפשרת לראות את הגוף | D21: למחוק אם מתקיים
A22: תנאי פסילה | B22: טכניקה שנראית בלתי בטיחותית | D22: למחוק אם מתקיים

Sheet ערוצים מאושרים
A1: מזהה | B1: ערוץ | C1: היפרלינק | D1: סטטוס | E1: התמחות עיקרית | F1: הסמכה | G1: קישור לאימות | H1: תאריך בדיקה | I1: הערות
A2: 1 | B2: Blogilates (Cassey Ho) | C2: https://www.youtube.com/@blogilates | D2: מאושר | E2: תרגילים ממוקדי שרירים, אתגרים, כל הרמות | F2: ACE/NESTA/Balanced Body | G2: https://www.blogilates.com/about-cassey/ | I2: ערוץ יוטיוב חופשי ופעיל, ספרייה ענקית
A3: 2 | B3: Jessica Valant Pilates | C3: https://www.youtube.com/@JessicaValantPilates | D3: מאושר | E3: טכניקה ובטיחות, שיקום | F3: פיזיותרפיסטית מוסמכת, 16+ שנה | I3: דגש בטיחותי חזק - מתאים לקהל מבוגרים/שיקום
A4: 3 | B4: Lottie Murphy | C4: https://www.youtube.com/@LottieMurphyPilates | D4: מאושר | E4: משקל גוף + גומיות התנגדות | F4: מדריכת פילאטיס מוסמכת | I4: ערוץ יוטיוב חופשי ופעיל; סרטוני גומיית התנגדות
A5: 4 | B5: Pilates Anytime | C5: https://www.pilatesanytime.com/ | D5: לא מומלץ | E5: ספריית שיעורים מקיפה, כל הרמות | F5: מדריכים מוסמכים | I5: פלטפורמת מנוי בתשלום - אינו תוכן חופשי
A6: 5 | B6: Flow with Mira | C6: https://www.youtube.com/@FlowwithMira | D6: לבדוק ידנית | E6: פלייליסטים לפי רמה | F6: מוזכרת כ-BASI (לא מאומת) | I6: יש לבדוק הסמכה ועקביות ערוץ
A7: 6 | B7: Trifecta Pilates | C7: https://www.youtube.com/@TrifectaPilates | D7: לבדוק ידנית | E7: מתחילים, חזרה אחרי פציעה | F7: לא מאומת | I7: ייתכן ערוץ קטן/חדש - יש לבדוק
A8: 7 | B8: Kim Saha | C8: https://www.youtube.com/@KimSaha | D8: לבדוק ידנית | E8: פיזיותרפיה, שיקום, פילאטיס/HIIT | F8: פיזיותרפיסטית ומדריכת פילאטיס | I8: טרם אומתה לעומק, מומלץ להוסיף
A9: 8 | B9: Beth Sandlin | C9: https://www.youtube.com/@BethSandlin | D9: לבדוק ידנית | E9: אימוני גומיות התנגדות בסגנון פילאטיס | F9: מדריכת כושר ופילאטיס מוסמכת | I9: תוכן ממוקד גומיות - רלוונטי מאוד
A10: 9 | B10: ד"ר אלכסייב | C10: https://www.youtube.com/@DoctorAlekseev_he | D10: לבדוק ידנית | I10: לא אותר אימות עצמאי בחיפוש (שם/ערוץ) - לא ניתן לאשר הסמכה או תחום התמחות. יש לבדוק ידנית שהערוץ אכן עוסק בפילאטיס/תרגילי בית לפני שקילת אישור.
A11: 10 | B11: יעל ישראל (Yael Israel) | C11: https://www.youtube.com/@Yael.israel | D11: לבדוק ידנית | E11: פילאטיס מזרן בעברית - מתחילים עד מתקדם, כולל תוכן עם גומיות | F11: בעלים של 3 סטודיו (ראשל"צ, נס ציונה), 14+ שנות ניסיון, מכשירה מדריכות פילאטיס | G11: https://www.themarker.com/labels/2022-08-31/ty-article-labels/00000182-f3ab-dd7e-a5f7-fbebd5800000 | I11: כתבת TheMarker מאשרת: "ערוץ היוטיוב החינמי פתוח לצפייה... ללא דמי הרשמה או דמי ביטול". יש לה גם פלטפורמת VOD בתשלום (Sensa) - נפרדת מהערוץ החינמי ביוטיוב. אותרו 5 סרטונים ספציפיים ונוספו למאגר המועמדים.
A12: 11 | B12: ורה זליבנסקי (Vera Zelivanski) | D12: לבדוק ידנית | E12: פילאטיס שיקומי ואימון פונקציונלי, התמחות בליווי נשים אחרי לידה | F12: מדריכת פילאטיס שיקומי, מאמנת תזונה, סטודנטית לפסיכולוגיה | I12: יש לה ערוץ יוטיוב עצמאי (מאושר בתיאור סרטון שיתוף פעולה), אך לא הצלחתי לאמת את היקף הערוץ, תדירות העלאות, או קישור ישיר לערוץ עצמו. אותר סרטון שיתוף-פעולה אחד בלבד. מומלץ אימות ידני מקיף יותר.
A13: 12 | B13: MyBOD Wellness | C13: https://www.youtube.com/@Mybodwellness | D13: לבדוק ידנית | E13: תרגילי רינג פילאטיס (Magic Circle) | F13: לא מאומת | I13: אותר במסגרת בניית קטלוג האתר (yairron.com/YR1/pilates); ערוץ יוטיוב חופשי. טרם בוצע אימות הסמכה/עקביות מלא.
A14: 13 | B14: LiveFitness | C14: https://www.youtube.com/@LiveFitness | D14: לבדוק ידנית | E14: אימוני גומיית התנגדות בסגנון פילאטיס/כושר | F14: לא מאומת | I14: אותר במסגרת בניית קטלוג האתר (yairron.com/YR1/pilates); ערוץ יוטיוב חופשי. טרם בוצע אימות הסמכה/עקביות מלא.
A15: 14 | B15: Posture Tonic by Jacinta Brown | C15: https://www.youtube.com/@PostureTonic | D15: לבדוק ידנית | E15: רינג פילאטיס, יציבה | F15: לא מאומת | I15: אותר במסגרת בניית קטלוג האתר (yairron.com/YR1/pilates); ערוץ יוטיוב חופשי. טרם בוצע אימות הסמכה/עקביות מלא.
A16: 15 | B16: The Girl With The Pilates Mat | C16: https://www.youtube.com/@TheGirlWithThePilatesMat | D16: לבדוק ידנית | E16: שיעורי פילאטיס מלאים עם גומיית התנגדות, כל הרמות | F16: לא מאומת | I16: אותר במסגרת בניית קטלוג האתר (yairron.com/YR1/pilates); ערוץ יוטיוב חופשי ופעיל, כמה סרטונים נבחרו. טרם בוצע אימות הסמכה מלא.
A17: 16 | B17: Keel Pilates | C17: https://www.youtube.com/@keelpilates | D17: לבדוק ידנית | E17: שיעורי פילאטיס עם כדור/משקולות קרסול/גומייה | F17: לא מאומת | I17: אותר במסגרת בניית קטלוג האתר (yairron.com/YR1/pilates); ערוץ יוטיוב חופשי. טרם בוצע אימות הסמכה/עקביות מלא.
A18: 17 | B18: פילאטיס עם עמית (Pilates with Amit) | C18: https://www.youtube.com/@PilateswithAmit | D18: לבדוק ידנית | E18: פילאטיס מזרן לכל הגוף, תרגולי בוקר, פילאטיס עם קיר, תרגולים עם אביזרים | F18: לא מאומת | I18: אומת מול YouTube בפועל (29.08.2026): 3.11K מנויים, 107 סרטונים, פעילה מ-03/2020, 245K+ צפיות. 5 הסרטונים האחרונים כולם תרגולי פילאטיס אמיתיים ומגוונים (גוף מלא, בוקר, קיר, זרימה) - תוכן חופשי, ללא סימני שיווק/הפניה לקורס בתשלום. אין אזכור הכשרה/הסמכה מקצועית בתיאור הערוץ - יש לאמת ידנית.
A19: 18 | B19: Vilates | C19: https://www.youtube.com/@vilates4909 | D19: לא מומלץ | E19: פילאטיס מזרן, תרגילי בטן/רצפת אגן (בעבר) - כרגע בעיקר תוכן שיווקי | F19: לא מאומת | I19: אומת מול YouTube בפועל (29.08.2026): 8.2K מנויים, 58 סרטונים, פעיל מ-2017, 849K+ צפיות. דגל אדום: 5 הסרטונים האחרונים הם ברובם טיזרים/פרסומות לקורס בתשלום חיצוני ('פילאטיס לגוף חדש ב-30 יום', lp.vp4.me) ולא סרטוני תרגול חופשיים - הערוץ פנה לכיוון שיווקי. אין אזכור הכשרה/הסמכה בתיאור הערוץ. זהו גם הערוץ שזוהה בטעות כ'יעל ישראל' במועמד שכבר הוסר (ראו מאגר מועמדים, מועמד שנמחק #11 המקורי). אם נבחר סרטון ספציפי מהערוץ - לוודא שהוא תוכן תרגול אמיתי ולא טיזר לקורס.
A20: 19 | B20: PILATES BY IZZY | C20: https://www.youtube.com/@izzy.samuel | D20: לבדוק ידנית | E20: פילאטיס מבוסס-חיזוק, אתגרי 25 יום | F20: מדריכת פילאטיס מזרן מוסמכת (אוסטרליה) | I20: אומת מול YouTube בפועל (29.08.2026): ערוץ חדש יחסית (מ-02/2024) אך צמיחה חריגה - 500K+ מנויים בזכות אתגר 25 הימים הוויראלי. הכשרה כמדריכת פילאטיס מזרן מוסמכת מאומתת ממקורות חיצוניים (vidIQ, Marie Claire). טרם אומת ישירות מול אתר/ביו הערוץ עצמו.

Sheet בדיקת קישורים
A1: מזהה סרטון | B1: שם הסרטון | C1: קישור URL | D1: תאריך בדיקה אחרון | E1: סטטוס קישור | F1: הערות שינוי | G1: תאריך בדיקה הבאה

Sheet רשימת חיפוש מוכנה
A1: מזהה | B1: סוג | C1: ניסוח חיפוש (עברית) | D1: Search Query (English) | E1: ערוץ מקור | F1: רמה | G1: ציוד | H1: מטרה | I1: בוצע חיפוש? | J1: מועמדים שנמצאו | K1: הערות
A2: 1 | B2: תרגיל | C2: תרגיל פילאטיס בטן וליבה ללא ציוד למתחילים | D2: pilates core exercise no equipment beginner instructor | E2: Blogilates + יעל ישראל | F2: מתחילים | G2: ללא ציוד | H2: חיזוק | I2: V | J2: 2
A3: 2 | B3: תרגיל | C3: תרגיל פילאטיס בטן וליבה עם גומיית לולאה למתחילים | D3: pilates core exercise mini loop band beginner | F3: מתחילים | G3: גומיית לולאה | H3: חיזוק | J3: 0
A4: 3 | B4: תרגיל | C4: תרגיל פילאטיס גב תחתון ויציבה ללא ציוד למתחילים | D4: pilates lower back posture exercise no equipment beginner | F4: מתחילים | G4: ללא ציוד | H4: יציבה ויישור | J4: 0
A5: 4 | B5: תרגיל | C5: תרגיל פילאטיס ישבן וירכיים עם גומיית לולאה למתחילים | D5: pilates glutes inner thighs mini band beginner | E5: Blogilates (Cassey Ho) | F5: מתחילים | G5: גומיית לולאה | H5: חיזוק | I5: V | J5: 1
A6: 5 | B6: תרגיל | C6: תרגיל פילאטיס רגליים ללא ציוד למתחילים | D6: pilates legs exercise no equipment beginner | F6: מתחילים | G6: ללא ציוד | H6: חיזוק | J6: 0
A7: 6 | B7: תרגיל | C7: תרגיל פילאטיס כתפיים וזרועות ללא ציוד למתחילים | D7: pilates shoulders arms exercise no equipment beginner | E7: Blogilates (Cassey Ho) | F7: מתחילים | G7: ללא ציוד | H7: חיזוק | I7: V | J7: 1
A8: 7 | B8: תרגיל | C8: תרגיל פילאטיס גוף מלא ללא ציוד למתחילים | D8: pilates full body exercise no equipment beginner | E8: Blogilates + יעל ישראל | F8: מתחילים | G8: ללא ציוד | H8: חיזוק | I8: V | J8: 2
A9: 8 | B9: שיעור | C9: שיעור פילאטיס מלא בסיסי למתחילים ללא ציוד | D9: beginner pilates full class mat no equipment | E9: Blogilates + יעל ישראל | F9: מתחילים | G9: ללא ציוד | H9: פילאטיס בסיסי | I9: V | J9: 2
A10: 9 | B10: שיעור | C10: שיעור פילאטיס חיזוק ליבה וגוף מלא בינוני | D10: pilates core full body strengthening intermediate | E10: Blogilates + יעל ישראל | F10: בינוני | G10: גומיית לולאה | H10: חיזוק | I10: V | J10: 2
A11: 10 | B11: שיעור | C11: שיעור פילאטיס גמישות ומתיחות למתחילים | D11: pilates flexibility stretching beginner class | E11: Blogilates + יעל ישראל | F11: מתחילים | G11: ללא ציוד | H11: גמישות ומתיחה | I11: V | J11: 1
A12: 11 | B12: שיעור | C12: שיעור פילאטיס יציבה ויישור גוף למתחילים | D12: pilates posture alignment beginner class | F12: מתחילים | G12: ללא ציוד | H12: יציבה ויישור | J12: 0
A13: 12 | B13: שיעור | C13: שיעור פילאטיס תנועה עדינה למתחילים | D13: pilates gentle movement beginner seniors | E13: יעל ישראל (Yael Israel) | F13: מתחילים | G13: ללא ציוד | H13: תנועה עדינה | I13: V | J13: 1
A14: 13 | B14: שיעור | C14: שיעור פילאטיס דינמי אירובי למתחילים | D14: pilates dynamic cardio beginner class | F14: מתחילים | G14: גומיית לולאה | H14: פילאטיס דינמי | J14: 0
